{"cameraMode":{"drawMode":0,"name":"Shaded","section":"Shading Mode"},"sceneLighting":true,"audioPlay":false,"sceneViewState":{"m_AlwaysRefresh":false,"showFog":true,"showSkybox":true,"showFlares":true,"showImageEffects":true,"showParticleSystems":true,"showVisualEffectGraphs":true,"m_FxEnabled":true},"in2DMode":false,"pivot":{"x":-10.9964599609375,"y":-1.0081088542938233,"z":2.414095401763916},"rotation":{"x":-0.018941519781947137,"y":0.6792100667953491,"z":-0.017526336014270784,"w":-0.7335299253463745},"size":0.9161408543586731,"orthographic":false}